<?xml version="1.0" encoding="UTF-8"?><?xml-stylesheet type='text/xsl' href='_UpgradeReport_Files/UpgradeReport.xslt'?><UpgradeLog>
<Properties><Property Name="Solution" Value="FMODUnity">
</Property><Property Name="Solution File" Value="D:\John\Unity\Plugins\FMOD\FMOD_Unity_Source_426\FMODUnity.sln">
</Property><Property Name="User Options File" Value="D:\John\Unity\Plugins\FMOD\FMOD_Unity_Source_426\FMODUnity.suo">
</Property><Property Name="Date" Value="Saturday, 23 January 2010">
</Property><Property Name="Time" Value="18:08 PM">
</Property></Properties><Event ErrorLevel="0" Project="" Source="FMODUnity.sln" Description="File successfully backed up as D:\John\Unity\Plugins\FMOD\FMOD_Unity_Source_426\Backup\FMODUnity.sln">
</Event><Event ErrorLevel="0" Project="" Source="FMODUnity.suo" Description="File successfully backed up as D:\John\Unity\Plugins\FMOD\FMOD_Unity_Source_426\Backup\FMODUnity.suo">
</Event><Event ErrorLevel="0" Project="FMODUnity" Source="FMODUnity\FMODUnity.csproj" Description="Project file successfully backed up as D:\John\Unity\Plugins\FMOD\FMOD_Unity_Source_426\Backup\FMODUnity\FMODUnity.csproj">
</Event><Event ErrorLevel="0" Project="FMODUnity" Source="FMODUnity\EventCallback.cs" Description="File successfully backed up as D:\John\Unity\Plugins\FMOD\FMOD_Unity_Source_426\Backup\FMODUnity\EventCallback.cs">
</Event><Event ErrorLevel="0" Project="FMODUnity" Source="FMODUnity\fmod.cs" Description="File successfully backed up as D:\John\Unity\Plugins\FMOD\FMOD_Unity_Source_426\Backup\FMODUnity\fmod.cs">
</Event><Event ErrorLevel="0" Project="FMODUnity" Source="FMODUnity\fmod_dsp.cs" Description="File successfully backed up as D:\John\Unity\Plugins\FMOD\FMOD_Unity_Source_426\Backup\FMODUnity\fmod_dsp.cs">
</Event><Event ErrorLevel="0" Project="FMODUnity" Source="FMODUnity\fmod_errors.cs" Description="File successfully backed up as D:\John\Unity\Plugins\FMOD\FMOD_Unity_Source_426\Backup\FMODUnity\fmod_errors.cs">
</Event><Event ErrorLevel="0" Project="FMODUnity" Source="FMODUnity\fmod_event.cs" Description="File successfully backed up as D:\John\Unity\Plugins\FMOD\FMOD_Unity_Source_426\Backup\FMODUnity\fmod_event.cs">
</Event><Event ErrorLevel="0" Project="FMODUnity" Source="FMODUnity\Properties\AssemblyInfo.cs" Description="File successfully backed up as D:\John\Unity\Plugins\FMOD\FMOD_Unity_Source_426\Backup\FMODUnity\Properties\AssemblyInfo.cs">
</Event><Event ErrorLevel="0" Project="FMODUnity" Source="FMODUnity\FMODUnity.csproj" Description="Project converted successfully">
</Event><Event ErrorLevel="3" Project="FMODUnity" Source="FMODUnity\FMODUnity.csproj" Description="Converted">
</Event><Event ErrorLevel="0" Project="" Source="FMODUnity.sln" Description="Solution converted successfully">
</Event><Event ErrorLevel="3" Project="" Source="FMODUnity.sln" Description="Converted">
</Event><Event ErrorLevel="0" Project="FMODUnity" Source="FMODUnity\FMODUnity.csproj" Description="Scan complete: Upgrade not required for project files.">
</Event></UpgradeLog>