<?xml version="1.0" encoding="UTF-8"?><?xml-stylesheet type='text/xsl' href='_UpgradeReport_Files/UpgradeReport.xslt'?><UpgradeLog>
<Properties><Property Name="Solution" Value="FMODUnity">
</Property><Property Name="Solution File" Value="D:\John\Unity\Plugins\FMOD\FMOD_Unity_Source_442\FMODUnity.sln">
</Property><Property Name="Date" Value="Sunday, 4 March 2012">
</Property><Property Name="Time" Value="11:49 AM">
</Property><Property Name="Log Number" Value="2">
</Property></Properties><Event ErrorLevel="1" Project="FMODUnity" Source="FMODUnity\FMODUnity.csproj" Description="Your project is targeting .NET Framework 2.0 or 3.0. If your project uses assemblies requiring a newer .NET Framework, your project will fail to build. You can change the .NET Framework version by clicking Properties on the project menu and then selecting a new version in the '.NET Framework' dropdown box. (In Visual Basic, this is located on the Compile tab by clicking the 'Advanced Compiler Options...' button.)">
</Event><Event ErrorLevel="0" Project="FMODUnity" Source="FMODUnity\FMODUnity.csproj" Description="Project converted successfully">
</Event><Event ErrorLevel="3" Project="FMODUnity" Source="FMODUnity\FMODUnity.csproj" Description="Converted">
</Event><Event ErrorLevel="0" Project="" Source="FMODUnity.sln" Description="Solution converted successfully">
</Event><Event ErrorLevel="3" Project="" Source="FMODUnity.sln" Description="Converted">
</Event><Event ErrorLevel="0" Project="FMODUnity" Source="FMODUnity\FMODUnity.csproj" Description="Scan complete: Upgrade not required for project files.">
</Event></UpgradeLog>